<?xml version="1.0" encoding="utf-8"?>
<xml><item><id>1</id><description>&lt;p&gt;LONG DESCRIPTION&lt;/p&gt;</description><short_description>&lt;p&gt;SHORT DESCRIPTION    &lt;/p&gt;</short_description><created_at>2017-06-29 12:42:54</created_at><updated_at>2017-06-29 12:42:54</updated_at><pictures/></item><item><id>2</id><description>&lt;p&gt;LONG DESCRIPTION&lt;/p&gt;</description><short_description>&lt;p&gt;SHORT DESCRIPTION    &lt;/p&gt;</short_description><created_at>2017-06-29 12:49:42</created_at><updated_at>2017-06-29 12:49:42</updated_at><pictures/></item><item><id>3</id><description>&lt;p&gt;LONG DESCRIPTION&lt;/p&gt;</description><short_description>&lt;p&gt;SHORT DESCRIPTION    &lt;/p&gt;</short_description><created_at>2017-06-29 12:50:22</created_at><updated_at>2017-06-29 12:50:22</updated_at><pictures/></item></xml>
