<?xml version="1.0" encoding="utf-8"?>
<xml><item><id>7</id><description>&lt;p&gt;LONG DESCRIPTION&lt;/p&gt;</description><short_description>&lt;p&gt;SHORT DESCRIPTION    &lt;/p&gt;</short_description><created_at>2017-06-29 12:56:49</created_at><updated_at>2017-06-29 12:56:49</updated_at><pictures/></item><item><id>8</id><description>&lt;p&gt;LONG DESCRIPTION&lt;/p&gt;</description><short_description>&lt;p&gt;SHORT DESCRIPTION    &lt;/p&gt;</short_description><created_at>2017-06-29 12:56:49</created_at><updated_at>2017-06-29 12:56:49</updated_at><pictures/></item><item><id>9</id><description>&lt;p&gt;LONG DESCRIPTION&lt;/p&gt;</description><short_description>&lt;p&gt;SHORT DESCRIPTION    &lt;/p&gt;</short_description><created_at>2017-06-29 12:56:49</created_at><updated_at>2017-06-29 12:56:49</updated_at><pictures/></item><item><id>10</id><description>&lt;p&gt;1512512512&lt;/p&gt;</description><short_description>&lt;p&gt;4512451212&lt;/p&gt;</short_description><created_at>2017-06-29 13:49:50</created_at><updated_at>2017-06-29 13:49:50</updated_at><pictures/></item><item><id>11</id><description>&lt;p&gt;vzxvxzvzxvzvxzxvzx&lt;/p&gt;</description><short_description>&lt;p&gt;cvzxvczxvzxvzx&lt;/p&gt;</short_description><created_at>2017-06-29 13:50:21</created_at><updated_at>2017-06-29 13:50:21</updated_at><pictures/></item><item><id>12</id><description>&lt;p style="text-align: center; "&gt;&lt;b&gt;412412412&lt;/b&gt;&lt;/p&gt;</description><short_description>&lt;p&gt;412412412412&lt;/p&gt;</short_description><created_at>2017-06-29 13:50:38</created_at><updated_at>2017-06-29 13:50:38</updated_at><pictures/></item><item><id>13</id><description>&lt;p&gt;21412412412&lt;/p&gt;</description><short_description>&lt;p style="text-align: center; "&gt;&lt;b&gt;42141241241242&lt;/b&gt;&lt;/p&gt;</short_description><created_at>2017-06-29 13:50:54</created_at><updated_at>2017-06-29 13:50:54</updated_at><pictures/></item><item><id>14</id><description>&lt;p&gt;12412412412421&lt;/p&gt;</description><short_description>&lt;p&gt;zzzzzzzzzzzzzzzzcasfcas&lt;/p&gt;</short_description><created_at>2017-06-29 13:51:02</created_at><updated_at>2017-06-29 13:51:02</updated_at><pictures/></item><item><id>15</id><description>&lt;p&gt;4124124124124&lt;/p&gt;</description><short_description>&lt;p&gt;12412412412412&lt;/p&gt;</short_description><created_at>2017-06-29 13:51:16</created_at><updated_at>2017-06-29 13:51:16</updated_at><pictures/></item><item><id>16</id><description>&lt;p&gt;vzxvzxvzxvzx&lt;/p&gt;</description><short_description>&lt;p&gt;zxvzxvzxv&lt;/p&gt;</short_description><created_at>2017-06-29 13:51:23</created_at><updated_at>2017-06-29 13:51:23</updated_at><pictures/></item></xml>
